When,Customer,Summary,Amount,Miles
"03/04/2025 14:00","Emily, Nene parade, March","Foils",40.00,3.50
"03/04/2025 13:00","Mel prior, Causeway, March","Dry cut",7.00,2.00
"03/04/2025 11:00","Tony and Yvonne, Cavalry drive, March","CBD",20.00,0.00
"03/04/2025 09:30","Norma, Ireton way, March","BD",10.00,0.00
"31/03/2025 16:15","Kacey Sharman, 15 Ireton Way, March","Foils",35.00,0.00
"31/03/2025 13:00","Shirley, Off cavalry, March","BD",10.00,0.00
"27/03/2025 16:00","Linda crane, Eleanor Rd, March","Cuts x 2",20.00,1.00
"27/03/2025 11:30","Claire prior, Causeway, March","CBD",19.00,2.00
"27/03/2025 10:30","Jean spinks, Cavarly, March","Dry cut",15.00,0.00
"27/03/2025 09:30","Norma, Ireton way, March","CBD",20.00,0.00
"25/03/2025 17:30","Jill, ollie, luke and adam, Norwood rd flat, March","Cuts x 2",20.00,3.00
"25/03/2025 14:00","Shirley, Off cavalry, March","Colour + CBD",40.00,0.00
"24/03/2025 16:30","Sam mandy lilly, Elwyn rd, March","Foils CBD and cut",60.00,1.00
"24/03/2025 15:45","Cath Samsun, Elwyn road, March","Cut",12.00,2.20
"20/03/2025 17:00","Emma Carey, Creek road, March","Foils CBD",50.00,4.00
"20/03/2025 10:30","Jenni, Acacia grove, March","CBD",20.00,2.00
"20/03/2025 09:30","Norma, Ireton way, March","BD",10.00,0.00
"18/03/2025 15:30","Lynsey mitchells, Ireton way, March","Foils + CBD",58.00,0.00
"18/03/2025 12:30","Emma, Green Street, March","CBD",20.00,2.00
"18/03/2025 10:30","Leslie/Amanda/Madison, March Road, Turves","CBD + cut",30.00,8.00
"13/03/2025 17:00","Sheree, and 3 children, Norwood rd, March","Cuts",18.00,5.00
"13/03/2025 16:00","Sam mandy lilly, Elwyn rd, March","Cut",15.00,1.00
"13/03/2025 09:00","Norma, Ireton way, March","BD",10.00,0.00
"11/03/2025 17:00","Claire, James and Ellie, Burn street, March","Cut",9.00,4.00
"06/03/2025 13:00","Mel prior, Causeway, March","CBD + cut",26.00,2.00
"06/03/2025 09:30","Norma, Ireton way, March","BD",10.00,0.00
"04/03/2025 09:00","Jean, Avenue, March","CBD",20.00,0.80
"27/02/2025 16:30","Emma Carey, Creek road, March","Mia  Foils CBD",60.00,4.00
"27/02/2025 11:00","Emily, Nene parade, March","Foils",40.00,3.50
"27/02/2025 09:30","Norma, Ireton way, March","BD",10.00,0.00
"25/02/2025 15:00","Emma, Green Street, March","Foils CBD",60.00,2.00
"25/02/2025 11:00","Lyns mum, Ireton way, .","Cut",15.00,0.00
"25/02/2025 10:00","Wendy, Plover drive March, March","Cut",13.00,4.00
"20/02/2025 16:00","Kayleigh carrington, Lake close, March","Foils CBD & and girls",70.00,7.00
"20/02/2025 10:30","Leslie/Amanda/Madison, March Road, Turves","Foils CBD",58.00,8.00
"20/02/2025 10:30","Jean spinks, Cavarly, March","Cut",15.00,0.00
"20/02/2025 09:30","Norma, Ireton way, March","BD",10.00,0.00
"14/02/2025 16:00","Mark, Kieran and Courtney, Off burromoor, March","Foils",25.00,4.00
"13/02/2025 16:00","Fiona, Gaul Road, March","Foils CBD",58.00,2.00
"13/02/2025 13:00","Mandy, Norwood Road, March","CBD",20.00,2.00
"13/02/2025 10:30","Jenni, Acacia grove, March","CBD",20.00,2.00
"13/02/2025 09:30","Norma, Ireton way, March","CBD",20.00,0.00
"12/02/2025 17:00","Leanne, Norwalde street, March","Foils",60.00,2.00
"11/02/2025 16:00","Emma Carey, Creek road, March","Mia Foils CBD half head",45.00,4.00
"11/02/2025 14:00","Emma, Green Street, March","CBD",20.00,2.00
"10/02/2025 19:00","Keith, Donna, Jack and Katie, Rosedene, March","Cuts",20.00,2.00
"10/02/2025 18:00","Sam mandy lilly, Elwyn rd, March","Cut",10.00,1.00
"10/02/2025 10:30","Jackie stiff family, Wimblington, March","Cuts",52.00,6.00
"10/02/2025 09:30","Liz hook Rd, Hook rd, -","Cuts",20.00,5.80
"06/02/2025 17:00","Jill, ollie, luke and adam, Norwood rd flat, March","Cuts",23.00,3.00
"06/02/2025 11:00","Mel prior, Causeway, March","Cut",7.00,2.00
"06/02/2025 11:00","Tony and Yvonne, Cavalry drive, March","CBD",20.00,0.00
"06/02/2025 09:30","Norma, Ireton way, March","BD",20.00,0.00
"04/02/2025 17:00","Toni and family, Hereward st, March","Cuts",25.00,5.00
"04/02/2025 15:00","Gem and lilly, Badgered rd, March","3 cuts",45.00,3.00
"03/02/2025 16:00","Kacey Sharman, 15 Ireton Way, March","Foils cuts",50.00,0.00
"03/02/2025 10:30","Leslie/Amanda/Madison, March Road, Turves","CBD and cut",30.00,8.00
"01/02/2025 19:00","Keith, Donna, Jack and Katie, Rosedene, March","Foils CBD",60.00,2.00
"30/01/2025 09:30","Norma, Ireton way, March","BD",10.00,0.00
"28/01/2025 09:00","Sam mandy lilly, Elwyn rd, March","Foils CBD",50.00,1.00
"23/01/2025 15:30","Lynsey mitchells, Ireton way, March","Foils CBD",60.00,0.00
"23/01/2025 11:00","Diane Bridgement, Regent Avenue, March","Foils CBD",45.00,2.00
"23/01/2025 09:30","Norma, Ireton way, March","CBD",20.00,0.00
"21/01/2025 16:00","Leslie/Amanda/Madison, March Road, Turves","Foils CBD",58.00,8.00
"21/01/2025 11:30","Emily, Nene parade, March","Foils half head",35.00,3.50
"21/01/2025 10:00","Jean, Avenue, March","CBD",19.00,0.80
"20/01/2025 14:00","Emma, Green Street, March","CBD",20.00,2.00
"16/01/2025 16:00","Emma Carey, Creek road, March","Foils",50.00,4.00
"16/01/2025 12:00","Fiona, Gaul Road, March","CBD",20.00,2.00
"16/01/2025 09:00","Norma, Ireton way, March","BD",10.00,0.00
"14/01/2025 18:00","Sam mandy lilly, Elwyn rd, March","Cut",10.00,1.00
"14/01/2025 17:00","Claire, James and Ellie, Burn street, March","Cut",9.00,4.00
"14/01/2025 11:00","Lyns mum, Ireton way, .","Cut",15.00,0.00
"14/01/2025 09:00","Jackie stiff family, Wimblington, March","Bleach",30.00,6.00
"13/01/2025 17:00","Emma Carey, Creek road, March","Mia Foils CBD",60.00,4.00
"13/01/2025 14:00","Shirley, Off cavalry, March","Foils CBD",40.00,0.00
"13/01/2025 12:00","Pam, Montelong close, March","Cut",15.00,0.60
"10/01/2025 11:00","Mark, Kieran and Courtney, Off burromoor, March","Foils",25.00,4.00
"09/01/2025 17:00","Kayleigh carrington, Lake close, March","Cuts",35.00,7.00
"09/01/2025 17:00","Claire, James and Ellie, Burn street, March","Cuts x2",18.00,4.00
"09/01/2025 15:45","Julia, max, jess and elise, Knights end, March","Cut",10.00,1.00
"09/01/2025 13:00","Mel prior, Causeway, March","Cut",7.00,2.00
"09/01/2025 09:30","Norma, Ireton way, March","BD",10.00,0.00
"07/01/2025 15:30","Emily, Nene parade, March","Cuts x 2",25.00,3.50
"07/01/2025 11:00","Kacey Sharman, 15 Ireton Way, March","Foils",45.00,0.00
"07/01/2025 10:00","Wendy, Plover drive March, March","Cut",13.00,4.00
"02/01/2025 11:30","Jean, Avenue, March","CBD",17.00,0.80
"02/01/2025 10:30","Jean spinks, Cavarly, March","Cut",15.00,0.00
"02/01/2025 09:30","Norma, Ireton way, March","BD",10.00,0.00
"24/12/2024 12:00","Rachel weatley, Princess av, March","Cuts",20.00,0.00
"24/12/2024 11:00","Tony and Yvonne, Cavalry drive, March","BD",10.00,0.00
"23/12/2024 17:00","Sheree, and 3 children, Norwood rd, March","Cuts x 3",29.00,5.00
"23/12/2024 16:00","Cath Samsun, Elwyn road, March","Cut",12.00,2.20
"23/12/2024 11:00","Leslie/Amanda/Madison, March Road, Turves","CBD + DC",30.00,8.00
"23/12/2024 09:30","Liz hook Rd, Hook rd, -","Cuts x 2",20.00,5.80
"19/12/2024 16:00","Tilly and hattie, Ireton way, March","Foils CBD",60.00,0.00
"19/12/2024 10:30","Margaret tillys nan, Iretonw way, March","Foils CBD",50.00,0.00
"19/12/2024 09:30","Norma, Ireton way, March","BD",10.00,0.00
"17/12/2024 17:00","Claire, James and Ellie, Burn street, March","Cut",9.00,4.00
"17/12/2024 12:00","Dawn, Farm off upwell rd, March","Colour and cut",20.00,5.00
"16/12/2024 16:00","Leslie/Amanda/Madison, March Road, Turves","Foils CBD",60.00,8.00
"16/12/2024 13:00","gwen, Norwalde street, March","Cut",15.00,2.00
"13/12/2024 09:30","Norma, Ireton way, March","Perm",45.00,0.00
"12/12/2024 14:00","Kacey Sharman, 15 Ireton Way, March","Foils",25.00,0.00
"12/12/2024 14:00","Tony and Yvonne, Cavalry drive, March","CBD",20.00,0.00
"12/12/2024 11:00","Emily, Nene parade, March","Foils + cut",50.00,3.50
"11/12/2024 16:30","Sam mandy lilly, Elwyn rd, March","Foils",45.00,1.00
"11/12/2024 15:00","Jean, Avenue, March","CBD",17.00,0.80
"09/12/2024 14:00","Shirley, Off cavalry, March","Foils CBD",40.00,0.00
"05/12/2024 16:00","Emma Carey, Creek road, March","Foils CBD x 2",110.00,4.00
"05/12/2024 13:00","Mel prior, Causeway, March","Cut",7.00,2.00
"05/12/2024 09:30","Norma, Ireton way, March","BD",10.00,0.00
"03/12/2024 18:00","Leanne, Norwalde street, March","Foils CBD",60.00,2.00
"03/12/2024 16:30","Toni and family, Hereward st, March","Dry trim",19.00,5.00
"03/12/2024 14:00","Lyns mum, Ireton way, .","Cut",15.00,0.00
"03/12/2024 12:00","Jackie stiff family, Wimblington, March","Cuts x 2",23.00,6.00
"03/12/2024 11:15","Wendy, Plover drive March, March","DC",13.00,4.00
"28/11/2024 18:00","Sam mandy lilly, Elwyn rd, March","Cut",10.00,1.00
"28/11/2024 15:00","Jenni, Acacia grove, March","CBD",20.00,2.00
"28/11/2024 14:00","Mel prior, Causeway, March","Claire CBD",19.00,2.00
"28/11/2024 13:00","Claire spinks family, Norwood rd, March","Annabelle cut",15.00,6.00
"25/11/2024 16:00","Julia, max, jess and elise, Knights end, March","Cut",10.00,1.00
"24/11/2024 09:00","Keith, Donna, Jack and Katie, Rosedene, March","Cuts",30.00,2.00
"21/11/2024 15:30","Lynsey mitchells, Ireton way, March","Foils CBD",45.00,0.00
"21/11/2024 13:00","Maggie, Ireton way, March","Dry cut",15.00,0.00
"21/11/2024 09:30","Norma, Ireton way, March","BD",10.00,0.00
"19/11/2024 17:00","Claire, James and Ellie, Burn street, March","Cut",10.00,4.00
"19/11/2024 11:30","Jean spinks, Cavarly, March","Cut",15.00,0.00
"19/11/2024 10:00","Leslie/Amanda/Madison, March Road, Turves","CBD + cut",30.00,8.00
"18/11/2024 16:00","Mark, Kieran and Courtney, Off burromoor, March","Foils",25.00,4.00
"14/11/2024 11:00","Tony and Yvonne, Cavalry drive, March","CBD",20.00,0.00
"14/11/2024 09:00","Norma, Ireton way, March","BD",10.00,0.00
"12/11/2024 16:00","Mark, Kieran and Courtney, Off burromoor, March","Dry cut",10.00,4.00
"07/11/2024 17:00","Emma Carey, Creek road, March","CBD",20.00,4.00
"07/11/2024 14:00","Pam, Montelong close, March","CBD",20.00,0.60
"07/11/2024 13:00","Mel prior, Causeway, March","Cut",7.00,2.00
"07/11/2024 12:00","Wendy, Plover drive March, March","Dry cut",13.00,4.00
"07/11/2024 10:00","Norma, Ireton way, March","BD",10.00,0.00
"05/11/2024 16:30","Kayleigh carrington, Lake close, March","Foils CBD and baby cut",65.00,7.00
"05/11/2024 13:00","Diane Bridgement, Regent Avenue, March","Foils CBD",45.00,2.00
"04/11/2024 16:00","Leslie/Amanda/Madison, March Road, Turves","CBD",58.00,8.00
"04/11/2024 11:00","Emily, Nene parade, March","Foils",45.00,3.50
"04/11/2024 09:00","Liz hook Rd, Hook rd, -","Cuts x 2",20.00,5.80
"25/10/2024 20:00","Keith, Donna, Jack and Katie, Rosedene, March","Cuts x 2",20.00,2.00
"24/10/2024 17:00","Emma Carey, Creek road, March","Foils CBD",60.00,4.00
"24/10/2024 09:30","Norma, Ireton way, March","Blow dry",10.00,0.00
"22/10/2024 17:00","Claire, James and Ellie, Burn street, March","Cuts",18.00,4.00
"22/10/2024 09:00","Linda crane, Eleanor Rd, March","2 cuts",18.00,1.00
"21/10/2024 16:30","Toni and family, Hereward st, March","Cuts",29.00,5.00
"21/10/2024 16:00","Emma Carey, Creek road, March","Recut",0.00,4.00
"18/10/2024 10:00","Mark, Kieran and Courtney, Off burromoor, March","Cut",10.00,4.00
"17/10/2024 11:00","Sam mandy lilly, Elwyn rd, March","Folis CBD",58.00,1.00
"17/10/2024 09:00","Norma, Ireton way, March","CBD",20.00,0.00
"16/10/2024 17:30","Sheree, and 3 children, Norwood rd, March","Cuts x 3",29.00,5.00
"10/10/2024 17:00","Leanne, Norwalde street, March","Foils CBD",60.00,2.00
"10/10/2024 14:00","Margaret tillys nan, Iretonw way, March","Foils CBD",45.00,0.00
"10/10/2024 13:15","Mel prior, Causeway, March","Dry trim",7.00,2.00
"10/10/2024 09:30","Norma, Ireton way, March","Blow dry",10.00,0.00
"08/10/2024 15:00","Gem and lilly, Badgered rd, March","3 cuts",45.00,3.00
"08/10/2024 11:30","Lyns mum, Ireton way, .","Dry cut",15.00,0.00
"08/10/2024 10:30","Jean, Avenue, March","Cut and blow dry",17.00,0.80
"07/10/2024 16:00","Kacey Sharman, 15 Ireton Way, March","Foils left",20.00,0.00
"03/10/2024 16:00","Julia, max, jess and elise, Knights end, March","Cut",10.00,1.00
"03/10/2024 14:00","Mel, Norwood road, March","Cuts",30.00,5.00
"03/10/2024 13:00","Claire prior, Causeway, March","Cut and blow dry",19.00,2.00
"03/10/2024 11:00","Jean spinks, Cavarly, March","Cut",15.00,0.00
"03/10/2024 09:00","Norma, Ireton way, March","Blow dry",10.00,0.00
"01/10/2024 16:00","Emma Carey, Creek road, March","Foils",45.00,4.00
"01/10/2024 13:00","Sandra (michelles), -, Coldham","Cut",15.00,8.00
"01/10/2024 10:30","Leslie/Amanda/Madison, March Road, Turves","Cut and blow dry",20.00,8.00
"30/09/2024 17:30","Jill, ollie, luke and adam, Norwood rd flat, March","Cuts",19.00,3.00
"30/09/2024 16:00","Kath and daisy, Elwyn rd, March","Cuts",24.00,1.00
"26/09/2024 16:00","Mark, Kieran and Courtney, Off burromoor, March","Cut",10.00,4.00
"26/09/2024 09:30","Norma, Ireton way, March","Blow dry",10.00,0.00
"24/09/2024 18:00","Claire, James and Ellie, Burn street, March","Cuts",18.00,4.00
"24/09/2024 13:30","Emily, Nene parade, March","Foils and cut",45.00,3.50
"23/09/2024 18:00","Sam mandy lilly, Elwyn rd, March","Cut",10.00,1.00
"23/09/2024 10:00","Wendy, Plover drive March, March","Cut",12.00,4.00
"19/09/2024 12:00","Linda crane, Eleanor Rd, March","Cut",10.00,1.00
"19/09/2024 10:30","Claire spinks family, Norwood rd, March","Cut",15.00,6.00
"12/09/2024 13:30","Mel prior, Causeway, March","Cut",8.00,2.00
"12/09/2024 10:00","Norma, Ireton way, March","Blow dry",10.00,0.00
"10/09/2024 12:30","Rachel weatley, Princess av, March","Cut",12.00,0.00
"10/09/2024 11:00","Tony and Yvonne, Cavalry drive, March","Cut and blow dry",20.00,0.00
"10/09/2024 10:00","Maggie, Ireton way, March","Cut",10.00,0.00
"09/09/2024 16:00","Mark, Kieran and Courtney, Off burromoor, March","Foils left",25.00,4.00
"05/09/2024 09:30","Norma, Ireton way, March","Blow dry",10.00,0.00
"03/09/2024 19:00","Toni and family, Hereward st, March","Cuts",28.00,5.00
"03/09/2024 18:00","Claire, James and Ellie, Burn street, March","Cuts",18.00,4.00
"02/09/2024 16:00","Mark, Kieran and Courtney, Off burromoor, March","Cut",10.00,4.00
"02/09/2024 09:00","Liz hook Rd, Hook rd, -","Cuts",20.00,5.80
"29/08/2024 12:00","Shirley, Off cavalry, March","Foils",40.00,0.00
"29/08/2024 11:00","Kayleigh carrington, Lake close, March","Baby cut",5.00,7.00
"29/08/2024 09:00","Norma, Ireton way, March","Blow dry",10.00,0.00
"27/08/2024 12:00","Tilly and hattie, Ireton way, March","Foils",45.00,0.00
"27/08/2024 11:00","Julia, max, jess and elise, Knights end, March","Cut",10.00,1.00
"27/08/2024 10:00","Jean, Avenue, March","Cut and blow dry",19.00,0.80
"22/08/2024 13:30","Claire prior, Causeway, March","Cut and blow dry",19.00,2.00
"22/08/2024 12:30","Lyns mum, Ireton way, .","Cut",15.00,0.00
"22/08/2024 11:00","Jean spinks, Cavarly, March","Cut",15.00,0.00
"22/08/2024 09:00","Norma, Ireton way, March","Blow dry",10.00,0.00
"19/08/2024 14:00","Leslie/Amanda/Madison, March Road, Turves","Foils",58.00,8.00
"15/08/2024 16:30","Sam mandy lilly, Elwyn rd, March","Cut",10.00,1.00
"15/08/2024 14:30","Alison Gelder, Princess avenue, March","Cuts",19.00,0.00
"15/08/2024 13:30","Mel prior, Causeway, March","Cut",8.00,2.00
"15/08/2024 10:30","Diane Bridgement, Regent Avenue, March","Foils",45.00,2.00
"15/08/2024 09:00","Norma, Ireton way, March","Blow dry",10.00,0.00
"13/08/2024 17:30","Mark, Kieran and Courtney, Off burromoor, March","Cut",10.00,4.00
"13/08/2024 13:30","Sam mandy lilly, Elwyn rd, March","Foils",45.00,1.00
"13/08/2024 11:30","Leslie/Amanda/Madison, March Road, Turves","Cut and blow dry",20.00,8.00
"12/08/2024 11:00","Emily, Nene parade, March","Foils",35.00,3.50
"08/08/2024 15:00","Linda crane, Eleanor Rd, March","Cuts",23.00,1.00
"08/08/2024 11:00","Emma Carey, Creek road, March","Foils",45.00,4.00
"08/08/2024 09:00","Norma, Ireton way, March","Cut and blow dry",20.00,0.00
"05/08/2024 17:45","Jill, ollie, luke and adam, Norwood rd flat, March","Cuts",19.00,3.00
"05/08/2024 16:00","Kacey Sharman, 15 Ireton Way, March","Foils left",20.00,0.00
"05/08/2024 13:15","Sheree, and 3 children, Norwood rd, March","Cuts",27.00,5.00
"05/08/2024 10:00","Emma Carey, Creek road, March","Foils",45.00,4.00
"01/08/2024 18:00","Claire, James and Ellie, Burn street, March","Cuts",18.00,4.00
"01/08/2024 16:00","Gem and lilly, Badgered rd, March","Cuts",30.00,3.00
"01/08/2024 11:30","Jackie stiff family, Wimblington, March","Cuts",34.00,6.00
"01/08/2024 10:30","Wendy, Plover drive March, March","Cut",12.00,4.00
"18/07/2024 19:00","Toni and family, Hereward st, March","Cuts",23.00,5.00
"18/07/2024 18:15","Claire spinks family, Norwood rd, March","Cut",15.00,6.00
"18/07/2024 17:00","Jan, Ireton Way, March","Cut",15.00,0.00
"18/07/2024 15:30","Mark, Kieran and Courtney, Off burromoor, March","Cut",10.00,4.00
"18/07/2024 12:00","Claire prior, Causeway, March","Cut and blow dry",19.00,2.00
"18/07/2024 11:00","Tony and Yvonne, Cavalry drive, March","Cut and blow dry",20.00,0.00
"18/07/2024 09:30","Norma, Ireton way, March","Blow dry",10.00,0.00
"16/07/2024 17:00","Emily, Nene parade, March","Daughter cut",10.00,3.50
"16/07/2024 10:00","Jean, Avenue, March","Cut and blow dry",19.00,0.80
"15/07/2024 16:00","Julia, max, jess and elise, Knights end, March","Cut",8.00,1.00
"15/07/2024 13:00","Mel prior, Causeway, March","Dry cut",8.00,2.00
"11/07/2024 13:00","Diane Bridgement, Regent Avenue, March","Foils",45.00,2.00
"11/07/2024 11:00","Lyns mum, Ireton way, .","Cut",15.00,0.00
"11/07/2024 09:30","Norma, Ireton way, March","Blow dry",10.00,0.00
"10/07/2024 17:00","Mark, Kieran and Courtney, Off burromoor, March","Foils left",25.00,4.00
"10/07/2024 13:00","Shirley, Off cavalry, March","Foils",35.00,0.00
"09/07/2024 13:00","Margaret tillys nan, Iretonw way, March","Foils",45.00,0.00
"08/07/2024 17:30","Jill, ollie, luke and adam, Norwood rd flat, March","Highlights and cut",35.00,3.00
"08/07/2024 16:30","Kayleigh carrington, Lake close, March","Baby cut",5.00,7.00
"08/07/2024 13:00","Mandy, Norwood Road, March","Cut and blow dry",20.00,2.00
"04/07/2024 09:30","Norma, Ireton way, March","Perm",40.00,0.00
"03/07/2024 16:00","Mark, Kieran and Courtney, Off burromoor, March","Cut",10.00,4.00
"02/07/2024 18:00","Claire, James and Ellie, Burn street, March","Cuts",18.00,4.00
"02/07/2024 11:30","Leslie/Amanda/Madison, March Road, Turves","Cut and blow dry",20.00,8.00
"01/07/2024 16:15","Sam mandy lilly, Elwyn rd, March","Foils",45.00,1.00
"01/07/2024 14:00","Maggie, Ireton way, March","Cut",10.00,0.00
"01/07/2024 11:00","Emily, Nene parade, March","Foils",35.00,3.50
"27/06/2024 12:00","Jean spinks, Cavarly, March","Cut",15.00,0.00
"27/06/2024 09:30","Norma, Ireton way, March","Blow dry",10.00,0.00
"25/06/2024 16:00","Sam mandy lilly, Elwyn rd, March","Cut",10.00,1.00
"25/06/2024 11:00","Wendy, Plover drive March, March","Cut",12.00,4.00
"24/06/2024 17:30","Emma Carey, Creek road, March","Cut",15.00,4.00
"24/06/2024 15:30","Alison Gelder, Princess avenue, March","Cut",12.00,0.00
"24/06/2024 13:00","Sandra (michelles), -, Coldham","Cut",15.00,8.00
"20/06/2024 16:30","Claire spinks family, Norwood rd, March","Cut",15.00,6.00
"20/06/2024 09:30","Norma, Ireton way, March","Blow dry",10.00,0.00
"17/06/2024 16:00","Kacey Sharman, 15 Ireton Way, March","Foils",20.00,0.00
"17/06/2024 09:30","Liz hook Rd, Hook rd, -","Cuts",20.00,5.80
"13/06/2024 18:30","Katie, Elwyn Road, March","Foils left",20.00,1.00
"13/06/2024 09:30","Norma, Ireton way, March","Blow dry",10.00,0.00
"11/06/2024 16:30","Mark, Kieran and Courtney, Off burromoor, March","Cut",10.00,4.00
"06/06/2024 10:30","Claire prior, Causeway, March","Cut and blow dry",19.00,2.00
"06/06/2024 09:00","Norma, Ireton way, March","Blow dry",10.00,0.00
"04/06/2024 18:30","Claire, James and Ellie, Burn street, March","Cuts",18.00,4.00
"04/06/2024 17:00","Sheree, and 3 children, Norwood rd, March","Cuts",27.00,5.00
"04/06/2024 13:00","Jean, Avenue, March","Cut and blow dry",19.00,0.80
"04/06/2024 10:00","Emma Carey, Creek road, March","Foils",45.00,4.00
"03/06/2024 16:30","Toni and family, Hereward st, March","Cuts",23.00,5.00
"03/06/2024 10:00","Wendy, Plover drive March, March","Cut",10.00,4.00
"30/05/2024 18:00","Jill, ollie, luke and adam, Norwood rd flat, March","Cuts",18.00,3.00
"30/05/2024 12:30","Angie, -, Doddington","Cut",15.00,8.00
"30/05/2024 11:30","Lyns mum, Ireton way, .","Cut",15.00,0.00
"30/05/2024 09:30","Norma, Ireton way, March","Blow dry",10.00,0.00
"28/05/2024 11:30","Rachel weatley, Princess av, March","Cut",12.00,0.00
"23/05/2024 17:30","Emily, Nene parade, March","Cut",8.00,3.50
"23/05/2024 16:00","Linda crane, Eleanor Rd, March","Cuts",25.00,1.00
"23/05/2024 15:00","Tilly and hattie, Ireton way, March","Cut",10.00,0.00
"23/05/2024 14:00","Pam, Montelong close, March","Cut",15.00,0.60
"23/05/2024 13:30","Mel prior, Causeway, March","Cut",8.00,2.00
"23/05/2024 09:30","Norma, Ireton way, March","Blow dry",10.00,0.00
"22/05/2024 16:00","Mark, Kieran and Courtney, Off burromoor, March","Cut",10.00,4.00
"20/05/2024 16:00","Julia, max, jess and elise, Knights end, March","Cut",10.00,1.00
"20/05/2024 14:30","Maggie, Ireton way, March","Cut",10.00,0.00
"20/05/2024 11:00","Emily, Nene parade, March","Foils cut",40.00,3.50
"16/05/2024 16:30","Sam mandy lilly, Elwyn rd, March","Foils and cuts",50.00,1.00
"16/05/2024 11:00","Tony and Yvonne, Cavalry drive, March","Cut and blow dry",20.00,0.00
"16/05/2024 09:30","Norma, Ireton way, March","Blow dry",10.00,0.00
"15/05/2024 09:00","Mark, Kieran and Courtney, Off burromoor, March","Foils left",25.00,4.00
"14/05/2024 10:00","Leslie/Amanda/Madison, March Road, Turves","Cut and blow dry",20.00,8.00
"08/05/2024 14:00","Shirley, Off cavalry, March","Foils and cut",40.00,0.00
"07/05/2024 17:30","Kayleigh carrington, Lake close, March","Baby cut",5.00,7.00
"07/05/2024 16:00","Kath and daisy, Elwyn rd, March","Cuts",24.00,1.00
"07/05/2024 14:30","Gemma mum, Wimblington, March","Cut",15.00,6.00
"07/05/2024 13:30","Claire, James and Ellie, Burn street, March","Cut",12.00,4.00
"07/05/2024 13:00","Mel prior, Causeway, March","Cut",8.00,2.00
"02/05/2024 16:30","Toni and family, Hereward st, March","Cuts",23.00,5.00
"02/05/2024 14:00","Lynsey, Ireton way, March","Foils",35.00,0.00
"02/05/2024 09:30","Norma, Ireton way, March","Cut and Blow dry",20.00,0.00
"25/04/2024 16:15","Emma Carey, Creek road, March","Colour foils",45.00,4.00
"25/04/2024 13:00","Sandra (michelles), -, Coldham","Cut",15.00,8.00
"25/04/2024 10:30","Jean spinks, Cavarly, March","Cut",15.00,0.00
"25/04/2024 09:30","Norma, Ireton way, March","Blow dry",10.00,0.00
"23/04/2024 16:00","Kacey Sharman, 15 Ireton Way, March","Foils left",20.00,0.00
"23/04/2024 10:00","Jean, Avenue, March","Cut and blow dry",19.00,0.80
"20/04/2024 10:30","Claire prior, Causeway, March","Cut and blow dry",19.00,2.00
"19/04/2024 16:00","Mark, Kieran and Courtney, Off burromoor, March","Cut",10.00,4.00
"18/04/2024 17:30","Sheree, and 3 children, Norwood rd, March","Boy Cut",8.00,5.00
"18/04/2024 11:30","Lyns mum, Ireton way, .","Cut",15.00,0.00
"18/04/2024 09:30","Norma, Ireton way, March","Blow dry",10.00,0.00
"15/04/2024 16:30","Sam mandy lilly, Elwyn rd, March","Cut",10.00,1.00
"15/04/2024 15:30","Gem and lilly, Badgered rd, March","Cuts",30.00,3.00
"11/04/2024 17:00","Jill, ollie, luke and adam, Norwood rd flat, March","Foils and cut",46.00,3.00
"11/04/2024 12:00","Mel prior, Causeway, March","Cut",8.00,2.00
"11/04/2024 09:30","Norma, Ireton way, March","Blow dry",10.00,0.00
"09/04/2024 13:00","Claire, James and Ellie, Burn street, March","Cuts",18.00,4.00
"09/04/2024 10:00","Wendy, Plover drive March, March","Cut",12.00,4.00
"09/04/2024 09:00","Liz hook Rd, Hook rd, -","Cut",10.00,5.80
