When,Supplier,Summary,Amount,Miles
"03/03/2025 09:00","Amazon","Mouse, Bleach, Developer",38.72,0.00
"20/12/2024 09:00","Amazon","Developer",13.85,0.00
"17/10/2024 09:00","Amazon","Bleach",27.00,0.00
"10/10/2024 09:00","Hair and beauty hub","Colours",53.33,6.00
"20/09/2024 09:00","From a customer","Beach waiver",30.00,0.00
"02/09/2024 09:00","Hair and beauty hub","Colours",62.74,6.00
"30/08/2024 09:00","Amazon","Developer",14.74,0.00
"05/08/2024 09:00","Hair and beauty hub","Colour",26.36,6.00
"01/08/2024 09:00","Ebay","Toner",13.42,6.00
"08/05/2024 09:00","Hair and beauty hub","Colours and foils",73.80,6.00
"11/04/2024 09:00","Hair and beauty hub","Colours",31.86,6.00
