When,Customer,Summary,Amount,Miles
"04/04/2024 10:30","Leslie, March Road, Turves","Cut and blow dry x 2 + 2 kids",92.00,4.00
"04/04/2024 09:30","Norma, Ireton way, March","Blow dry",10.00,0.00
"28/03/2024 15:00","Emily, Nene parade, March","Foils and cut",43.00,3.50
"28/03/2024 12:30","Dawn, Farm off upwell rd, March","Cut and colour",20.00,5.00
"28/03/2024 11:00","Tony and Yvonne, Cavalry drive, March","Cut and blow dry",20.00,0.00
"28/03/2024 09:30","Norma, Ireton way, March","Cut and blow dry",20.00,0.00
"27/03/2024 14:00","Maggie, Ireton way, March","Cut",10.00,0.00
"27/03/2024 09:00","Mark, Kieran and Courtney, Off burromoor, March","Cut",10.00,4.00
"13/03/2024 16:00","Mark, Kieran and Courtney, Off burromoor, March","Foils left",25.00,4.00
"11/03/2024 17:00","Sam mandy lilly, Elwyn rd, March","Foils and cuts",50.00,1.00
"07/03/2024 15:00","Mark, Kieran and Courtney, Off burromoor, March","Cut",10.00,4.00
"07/03/2024 14:00","Gemma mum, Wimblington, March","Cut",15.00,6.00
"07/03/2024 13:00","Mel prior, Causeway, March","Cut",8.00,2.00
"07/03/2024 09:30","Norma, Ireton way, March","Blow dry",10.00,0.00
"05/03/2024 18:00","Claire, James and Ellie, Burn street, March","2 cuts",18.00,4.00
"05/03/2024 13:00","Lyns mum, Ireton way, .","Cut",15.00,0.00
"05/03/2024 11:00","Jean, Avenue, March","cut and blow dry",19.00,0.80
"05/03/2024 10:00","Claire prior, Causeway, March","cut and blow dry",19.00,2.00
"29/02/2024 17:30","Rachel weatley, Princess av, March","2 cuts",24.00,0.00
"29/02/2024 13:00","Kayleigh carrington, Lake close, March","Baby cut",5.00,7.00
"29/02/2024 10:30","Jean spinks, Cavarly, March","Cut",15.00,0.00
"29/02/2024 09:30","Norma, Ireton way, March","Blow dry",10.00,0.00
"27/02/2024 13:00","Diane Bridgement, Regent Avenue, March","Foils cut and blow dry",45.00,2.00
"27/02/2024 12:00","Wendy, Plover drive March, March","Cut",12.00,4.00
"26/02/2024 13:00","Emma Carey, Creek road, March","Foils and cut",45.00,4.00
"22/02/2024 09:30","Norma, Ireton way, March","Blow dry",10.00,0.00
"20/02/2024 15:00","Jacob, Eliot Rd, March","Cut",10.00,2.00
"20/02/2024 11:30","Emily, Nene parade, March","Foils left",40.00,3.50
"19/02/2024 15:30","Shirley, Off cavalry, March","Foils and cut",40.00,0.00
"19/02/2024 14:30","Toni and family, Hereward st, March","Cuts",28.00,5.00
"19/02/2024 10:00","Leslie, March Road, Turves","Foils and 2 cut blow drys",78.00,4.00
"16/02/2024 16:00","Mark, Kieran and Courtney, Off burromoor, March","Cut",10.00,4.00
"15/02/2024 09:30","Norma, Ireton way, March","Blowdry",10.00,0.00
"09/02/2024 16:00","Mark, Kieran and Courtney, Off burromoor, March","Cut",10.00,4.00
"08/02/2024 17:15","Elizabeth, 109 estover road, March","Cuts x2",21.00,2.40
"08/02/2024 13:00","Angie, -, Doddington","Foils",35.00,8.00
"08/02/2024 12:00","Mel prior, Causeway, March","Cut",8.00,2.00
"08/02/2024 11:00","Tony and Yvonne, Cavalry drive, March","Cut blowdry",20.00,0.00
"08/02/2024 09:30","Norma, Ireton way, March","Blowdry",10.00,0.00
"06/02/2024 09:00","Claire, James and Ellie, Burn street, March","Cuts",18.00,4.00
"05/02/2024 16:00","Julia, max, jess and elise, Knights end, March","Cut",8.00,1.00
"29/01/2024 09:30","Liz hook Rd, Hook rd, -","2 cuts",20.00,5.80
"25/01/2024 17:45","Sheree, and 3 children, Norwood rd, March","Cuts x2",19.00,5.00
"25/01/2024 16:30","Sam mandy lilly, Elwyn rd, March","Sam cut",8.00,1.00
"25/01/2024 11:15","Claire prior, Causeway, March","Cut blowdry",19.00,2.00
"25/01/2024 10:30","Jean spinks, Cavarly, March","Cut",15.00,0.00
"25/01/2024 09:30","Norma, Ireton way, March","Blowdry",10.00,0.00
"24/01/2024 18:30","Mark, Kieran and Courtney, Off burromoor, March","Top foils left",25.00,4.00
"22/01/2024 10:00","Mel, Norwood road, March","Cut",15.00,5.00
"16/01/2024 16:30","Toni and family, Hereward st, March","Cuts",28.00,5.00
"16/01/2024 14:00","Margaret tillys nan, Iretonw way, March","Cut",15.00,0.00
"16/01/2024 11:30","Emily, Nene parade, March","Top foils",35.00,3.50
"16/01/2024 10:00","Jean, Avenue, March","Cur blowdry",18.00,0.80
"15/01/2024 16:15","Emma Carey, Creek road, March","Hair foils",45.00,4.00
"09/01/2024 18:00","Claire, James and Ellie, Burn street, March","Cuts x2",18.00,4.00
"09/01/2024 17:00","Kayleigh carrington, Lake close, March","Baby trim",5.00,7.00
"08/01/2024 12:15","Wendy, Plover drive March, March","Cut",15.00,4.00
"04/01/2024 16:30","Sam mandy lilly, Elwyn rd, March","Foils and cut x2",53.00,1.00
"04/01/2024 13:00","Mel prior, Causeway, March","Cut",8.00,2.00
"04/01/2024 09:30","Norma, Ireton way, March","Blowdry",10.00,0.00
"28/12/2023 18:00","Claire, James and Ellie, Burn street, March","Cuts x2",17.00,4.00
"28/12/2023 17:30","Toni and family, Hereward st, March","Cuts",29.00,5.00
"28/12/2023 17:00","Jill, ollie, luke and adam, Norwood rd flat, March","Cuts x4",31.00,3.00
"28/12/2023 16:00","Mark, Kieran and Courtney, Off burromoor, March","Cuts",19.00,4.00
"28/12/2023 16:00","Rachel weatley, Princess av, March","Cuts x3",22.00,0.00
"28/12/2023 15:00","Tony and Yvonne, Cavalry drive, March","Cut blowdry",18.00,0.00
"28/12/2023 13:00","Mel prior, Causeway, March","Cut",7.00,2.00
"28/12/2023 10:30","Jackie Crowe, 82 gaul road, March","Cuts",12.00,2.00
"28/12/2023 10:30","Jean spinks, Cavarly, March","Cut",11.00,0.00
"28/12/2023 09:30","Kay Norman and sister, Grounds av, March","Blowdry",10.00,2.00
"28/12/2023 09:30","Tony and Yvonne, Cavalry drive, March","Blowdry",10.00,0.00
"28/12/2023 09:00","Mel prior, Causeway, March","Cut blowdry",18.00,2.00
"28/12/2023 09:00","Wendy, Plover drive March, March","Cut",11.00,4.00
"23/12/2023 16:00","Sam mandy lilly, Elwyn rd, March","Dry cut",8.00,1.00
"23/12/2023 11:00","Marsha, Worsley chase, March","Highlights cut",31.00,0.60
"23/12/2023 09:30","Liz hook Rd, Hook rd, -","Cut x 2",18.00,5.80
"22/12/2023 09:00","Norma, Ireton way, March","Perm",35.00,0.00
"21/12/2023 15:00","Shirley, Off cavalry, March","Cut blow dry",15.00,0.00
"08/06/2023 13:00","Mel prior, Causeway, March","Cut",7.00,2.00
"08/06/2023 09:30","Norma, Ireton way, March","Blowdry",10.00,0.00
"06/06/2023 12:30","Emily, Nene parade, March","Foils",25.00,3.50
"06/06/2023 10:00","Wendy, Plover drive March, March","Cut",11.00,4.00
"01/06/2023 16:00","Mark, Kieran and Courtney, Off burromoor, March","Cuts",12.00,4.00
"01/06/2023 14:00","Gemma mum, Wimblington, March","Cuts",21.00,6.00
"01/06/2023 10:30","Kayleigh carrington, Lake close, March","Baby cut",4.50,7.00
"01/06/2023 09:30","Norma, Ireton way, March","Blowdry",10.00,0.00
"25/05/2023 10:30","Margaret tillys nan, Iretonw way, March","Foils",38.00,0.00
"25/05/2023 09:30","Norma, Ireton way, March","Blowdry",10.00,0.00
"22/05/2023 16:45","Sam mandy lilly, Elwyn rd, March","Foils and cuts",48.00,1.00
"22/05/2023 11:00","Maggie, Ireton way, March","Cut",10.00,0.00
"22/05/2023 09:30","Liz hook Rd, Hook rd, -","Cuts",18.00,5.80
"18/05/2023 11:00","Tony and Yvonne, Cavalry drive, March","Cut blowdry",18.00,0.00
"18/05/2023 09:30","Norma, Ireton way, March","Blowdry",10.00,0.00
"16/05/2023 18:00","Claire, James and Ellie, Burn street, March","Cuts",22.00,4.00
"16/05/2023 13:00","Mark, Kieran and Courtney, Off burromoor, March","Top foils",25.00,4.00
"15/05/2023 16:00","Emma Carey, Creek road, March","Foils",40.00,4.00
"15/05/2023 14:00","Tilly and hattie, Ireton way, March","Cut",10.00,0.00
"15/05/2023 13:00","Rhonda, Gaul  rd, March","Cut",11.00,3.00
"11/05/2023 17:30","Jill, ollie, luke and adam, Norwood rd flat, March","Cuts",18.00,3.00
"11/05/2023 14:30","Shirley, Off cavalry, March","Foils",30.00,0.00
"11/05/2023 10:30","Marsha, Worsley chase, March","Cut",11.00,0.60
"11/05/2023 09:30","Norma, Ireton way, March","Blowdry",10.00,0.00
"11/05/2023 09:00","Mel prior, Causeway, March","Cut blowdry and cut",26.00,2.00
"10/05/2023 16:00","Mark, Kieran and Courtney, Off burromoor, March","Cut",12.00,4.00
"10/05/2023 10:00","Sheree, and 3 children, Norwood rd, March","Top foils",39.00,5.00
"04/05/2023 17:30","Toni and family, Hereward st, March","Cuts",28.00,5.00
"04/05/2023 13:30","Lyns mum, Ireton way, .","Cut",11.00,0.00
"04/05/2023 09:30","Norma, Ireton way, March","Perm",35.00,0.00
"03/05/2023 14:00","Jackie Crowe, 82 gaul road, March","Cuts",12.00,2.00
"02/05/2023 14:00","Emma Carey, Creek road, March","Mia foils",40.00,4.00
"02/05/2023 11:00","Emily, Nene parade, March","Foils",30.00,3.50
"02/05/2023 10:00","Jean spinks, Cavarly, March","Cut",11.00,0.00
"27/04/2023 14:15","Jackie stiff family, Wimblington, March","Colour cuts",42.00,6.00
"27/04/2023 11:00","Tony and Yvonne, Cavalry drive, March","Blowdry",10.00,0.00
"27/04/2023 09:30","Norma, Ireton way, March","Blowdry",10.00,0.00
"25/04/2023 15:00","Alison Gelder, Princess avenue, March","Cuts",26.00,0.00
"25/04/2023 10:00","Jean, Avenue, March","Cut blowdry",17.00,0.80
"21/04/2023 11:00","Sharon mums, 46 Cedar Close, March","Colour",25.00,4.00
"20/04/2023 17:30","Linda crane, Eleanor Rd, March","Cuts kids",16.00,1.00
"20/04/2023 16:00","Mark, Kieran and Courtney, Off burromoor, March","Cut",7.00,4.00
"20/04/2023 10:30","Wendy, Plover drive March, March","Cut",11.00,4.00
"20/04/2023 09:30","Norma, Ireton way, March","Blowdry",10.00,0.00
"18/04/2023 18:00","Claire, James and Ellie, Burn street, March","Cuts",17.00,4.00
"13/04/2023 13:00","Mel prior, Causeway, March","Cut",7.00,2.00
"13/04/2023 09:30","Norma, Ireton way, March","Blowdry",10.00,0.00
"12/04/2023 14:00","Lila, March, March","Cut",10.00,0.00
"06/04/2023 10:30","Kayleigh carrington, Lake close, March","Baby cut",4.50,7.00
"06/04/2023 09:30","Norma, Ireton way, March","Blowdry",10.00,0.00
